id;code;value;description;json;priority;created_by;created_date;last_modified_by;last_modified_date
1;stingy;whether;violent ugh lazily;../fake-data/blob/hipster.txt;3171;shovel nor;2026-07-02T12:17:44;amongst divine upwardly;2026-07-02T07:19:36
2;psst hence gah;sleet premise;digitize ah reel;../fake-data/blob/hipster.txt;14376;solemnly bleak apropos;2026-07-02T12:04:32;questionable whoever;2026-07-02T10:16:58
3;but;discourse;steeple even;../fake-data/blob/hipster.txt;14230;punctually;2026-07-02T03:29:42;stylish evenly oof;2026-07-02T15:33:30
4;earnest retention;below easily;excluding;../fake-data/blob/hipster.txt;13480;pigsty adumbrate furlough;2026-07-02T10:59:05;shrilly;2026-07-02T19:53:48
5;seagull nor;anesthetize;unto crossly;../fake-data/blob/hipster.txt;15005;bouncy someplace where;2026-07-02T13:23:01;spice as;2026-07-02T17:18:42
6;pfft;essential thorny fully;with meatloaf imaginative;../fake-data/blob/hipster.txt;22109;zowie;2026-07-02T14:31:13;aha;2026-07-02T16:26:57
7;shampoo;amidst certification till;list;../fake-data/blob/hipster.txt;3475;aha entomb;2026-07-02T00:51:04;because hydrolyze excited;2026-07-02T13:57:09
8;tennis;march;till;../fake-data/blob/hipster.txt;14071;rationalize showy ugh;2026-07-02T13:03:04;yippee gifted;2026-07-02T17:05:39
9;finally phew;unique psst questionably;lowball hospitable;../fake-data/blob/hipster.txt;8959;esteemed;2026-07-02T03:00:33;boo;2026-07-02T15:25:49
10;terribly correctly;accompany;brr;../fake-data/blob/hipster.txt;28064;phew nerve;2026-07-02T04:47:10;enrage miserable lavish;2026-07-02T16:50:00
11;who paralyse;worthwhile volleyball shoulder;until;../fake-data/blob/hipster.txt;2895;via;2026-07-01T23:18:25;willfully into;2026-07-02T01:57:37
12;trek awareness if;another;object government;../fake-data/blob/hipster.txt;20565;gratefully qua jaggedly;2026-07-02T17:27:42;for gah cash;2026-07-02T04:05:56
13;robust hm;dandelion helpfully;gripper;../fake-data/blob/hipster.txt;13296;colligate advocate;2026-07-02T04:55:27;connect ecliptic;2026-07-02T20:12:37
14;dispense turbulent;phew chairperson till;salty when likely;../fake-data/blob/hipster.txt;20440;lest absentmindedly eek;2026-07-02T06:08:48;er fully however;2026-07-02T04:44:07
15;frail knottily;motionless next;during ha fatherly;../fake-data/blob/hipster.txt;11478;up;2026-07-01T23:09:06;ugh;2026-07-02T12:09:17
16;off;failing boohoo ingratiate;oh crowded;../fake-data/blob/hipster.txt;30917;buzzing aboard how;2026-07-02T00:52:27;but vain zowie;2026-07-02T20:55:21
17;impractical at upside-down;humor refute;surprise instead;../fake-data/blob/hipster.txt;7335;memorable;2026-07-02T12:47:38;better;2026-07-02T15:51:14
18;sophisticated towards;yahoo pharmacopoeia populist;ajar in;../fake-data/blob/hipster.txt;32415;oof likewise mortise;2026-07-01T23:47:26;nippy behind;2026-07-02T17:17:04
19;huddle;nucleotidase accountability;jive negative until;../fake-data/blob/hipster.txt;24765;during yet;2026-07-01T22:11:44;since continually;2026-07-02T16:16:47
20;cruel pfft;after furthermore blink;mobility cutover internationalize;../fake-data/blob/hipster.txt;11608;until hastily;2026-07-02T14:16:10;recovery where;2026-07-01T21:58:06
21;dark;yuck promptly reassuringly;certify legal;../fake-data/blob/hipster.txt;28229;sharply;2026-07-02T17:48:18;contravene beep;2026-07-02T04:30:22
22;furthermore as;refute fathom;who yahoo;../fake-data/blob/hipster.txt;19303;by;2026-07-02T16:39:58;lest flame squirm;2026-07-02T09:08:00
23;when;cannibalise;ack provided;../fake-data/blob/hipster.txt;20008;violently upon expert;2026-07-02T07:07:26;babushka range;2026-07-02T12:41:53
24;hmph;towards;nicely;../fake-data/blob/hipster.txt;14131;blond;2026-07-02T02:09:47;hearten aha;2026-07-02T19:29:41
25;truly;object tightly;phew meh hm;../fake-data/blob/hipster.txt;15934;excepting;2026-07-02T08:54:16;hello ad deliberately;2026-07-02T12:16:14
26;accredit merrily;pluck hmph minus;junior;../fake-data/blob/hipster.txt;11930;per almost;2026-07-02T18:08:12;how;2026-07-02T18:04:06
27;midst;hubris happily especially;bolster shy;../fake-data/blob/hipster.txt;18389;duh;2026-07-02T16:03:53;comparison because notwithstanding;2026-07-01T22:09:43
28;ack underneath fiddle;forager without;miserably idle;../fake-data/blob/hipster.txt;27639;worthless;2026-07-02T15:12:52;official that uh-huh;2026-07-02T12:20:06
29;hence uproot hmph;gorgeous;yowza alb bah;../fake-data/blob/hipster.txt;27158;spellcheck drat spring;2026-07-02T10:07:48;patiently nor;2026-07-02T18:21:29
30;gee seldom to;yahoo before;absentmindedly;../fake-data/blob/hipster.txt;26388;regularly fervently;2026-07-02T09:49:40;hm gently;2026-07-02T19:51:49
