id;name;instruction;mark_scheme;created_by;created_date;last_modified_by;last_modified_date
1;uh-huh uncork;for out in-joke;../fake-data/blob/hipster.txt;easy;2026-07-06T05:21:35;justly prestigious;2026-07-06T05:40:15
2;deprave reluctantly;apt;../fake-data/blob/hipster.txt;blindly reboot;2026-07-06T04:03:15;never;2026-07-06T12:57:22
3;like;degenerate desecrate um;../fake-data/blob/hipster.txt;ew;2026-07-06T08:36:52;abnegate or uh-huh;2026-07-06T01:09:46
4;summary even but;now;../fake-data/blob/hipster.txt;by sonnet baritone;2026-07-05T19:38:36;apropos;2026-07-05T15:59:31
5;within;admonish gosh;../fake-data/blob/hipster.txt;interestingly;2026-07-05T21:55:03;barracks;2026-07-06T00:57:33
6;psst;yet;../fake-data/blob/hipster.txt;tragic ick;2026-07-06T11:15:09;where cleaner for;2026-07-05T15:37:12
7;per fall;decent violently;../fake-data/blob/hipster.txt;yuck rebuff furthermore;2026-07-06T14:32:04;at whose;2026-07-05T21:42:32
8;banish rim yak;of handful unless;../fake-data/blob/hipster.txt;amongst oof;2026-07-06T10:41:24;hoarse;2026-07-05T18:06:53
9;beneath;oh along;../fake-data/blob/hipster.txt;worth grouper yowza;2026-07-06T09:34:51;tray truthfully now;2026-07-05T19:28:53
10;gazebo neck so;likewise that worth;../fake-data/blob/hipster.txt;ew;2026-07-06T06:30:10;geez naturally;2026-07-05T17:26:07
11;lest transcend scratch;regularly um;../fake-data/blob/hipster.txt;substantiate youthfully;2026-07-06T03:59:13;ah plus;2026-07-06T12:36:36
12;ice-cream appropriate;hairy whether;../fake-data/blob/hipster.txt;however phooey;2026-07-05T21:47:30;badly than flight;2026-07-06T12:28:51
13;warming;absent gorgeous maestro;../fake-data/blob/hipster.txt;crossly impact;2026-07-06T10:20:32;relaunch gripper loudly;2026-07-06T05:58:09
14;gosh not;contravene yowza remorseful;../fake-data/blob/hipster.txt;ugly the;2026-07-06T09:17:37;bungalow;2026-07-05T17:33:11
15;ignorance below even;wherever;../fake-data/blob/hipster.txt;revere barring rundown;2026-07-06T07:29:55;excluding;2026-07-06T06:36:56
16;furthermore;outset;../fake-data/blob/hipster.txt;separately safely;2026-07-05T18:53:29;anguished yuck lasting;2026-07-05T19:53:42
17;commandeer;override;../fake-data/blob/hipster.txt;represent grok trial;2026-07-06T03:13:34;uh-huh smooth;2026-07-06T12:14:44
18;joshingly;joshingly colorfully grandiose;../fake-data/blob/hipster.txt;well-worn factorize provided;2026-07-06T10:11:22;genuine;2026-07-06T12:12:44
19;cute fooey;idolized gosh youthful;../fake-data/blob/hipster.txt;why freckle consequently;2026-07-06T09:18:23;wilt;2026-07-06T10:40:57
20;enrage;mid;../fake-data/blob/hipster.txt;republican;2026-07-06T13:43:59;plain;2026-07-06T02:36:05
21;behind harmful;discontinue wring boohoo;../fake-data/blob/hipster.txt;gah;2026-07-05T15:11:16;yowza;2026-07-05T17:50:40
22;duh anenst;silver athwart;../fake-data/blob/hipster.txt;even;2026-07-06T02:33:17;heavily;2026-07-05T22:18:02
23;near;before gah affiliate;../fake-data/blob/hipster.txt;yum;2026-07-06T05:18:33;worth and upside-down;2026-07-06T14:02:30
24;separately;meanwhile;../fake-data/blob/hipster.txt;petty before;2026-07-06T06:56:10;keel;2026-07-06T12:15:46
25;tomorrow;spork incidentally;../fake-data/blob/hipster.txt;righteously;2026-07-06T08:58:25;substantial obvious wearily;2026-07-05T15:56:29
26;or;even vamoose;../fake-data/blob/hipster.txt;over tomb;2026-07-06T12:32:04;discourse;2026-07-06T13:12:28
27;overspend joshingly;oh collaborate;../fake-data/blob/hipster.txt;secularize if;2026-07-06T03:41:33;solemnly yieldingly;2026-07-06T02:36:01
28;cheap minus;once degrease cop;../fake-data/blob/hipster.txt;cellar;2026-07-06T12:21:56;zowie;2026-07-05T23:21:23
29;portly fatally lest;scout obnoxiously within;../fake-data/blob/hipster.txt;during where follower;2026-07-06T03:57:59;supposing sedately yuck;2026-07-05T21:44:03
30;international midst comestible;whether ugh powerfully;../fake-data/blob/hipster.txt;sightseeing;2026-07-06T07:27:37;down capitalise;2026-07-06T02:03:49
