id;name
1;amidst
2;frilly circumnavigat
3;incidentally
4;wherever
5;toward shampoo
6;kindheartedly until
7;plan
8;woot retract up
9;consequently
10;zowie mummify actual
11;spook anneal notwith
12;aha scarcely afore
13;monasticism like ins
14;ouch
15;hence championship u
16;swear only hubris
17;aw heating
18;up mid yippee
19;urgently quickly alt
20;limited extremely
21;declaration
22;woefully muffled
23;yahoo prance aside
24;into
25;gum
26;eek
27;er democratize
28;cautiously
29;victoriously till
30;eek
