id;room;week_day;start_time;end_time;description;created_by;created_date;last_modified_by;last_modified_date
1;beard yuck;27427;2026-07-04T12:53:47;2026-07-04T10:38:01;than astride;meh;2026-07-04T04:48:25;gosh government;2026-07-04T06:59:28
2;favorable cutlet concerning;28622;2026-07-03T18:57:14;2026-07-04T12:50:36;scenario thorny unaccountably;since;2026-07-04T01:44:02;yippee;2026-07-04T14:44:16
3;beneficial fond after;26485;2026-07-04T09:35:18;2026-07-04T15:25:24;foot celsius furthermore;hubris gripping;2026-07-03T21:00:22;excitedly adult whether;2026-07-04T09:05:56
4;victoriously;22821;2026-07-04T15:04:18;2026-07-04T05:12:14;a after;lid beside gurn;2026-07-03T17:43:46;inasmuch;2026-07-04T00:18:11
5;hollow almighty;6222;2026-07-03T20:56:34;2026-07-03T17:19:06;consequently;atop geez consequently;2026-07-03T16:21:27;oh once;2026-07-04T06:17:28
6;vacantly;15429;2026-07-03T19:07:01;2026-07-04T06:28:22;gosh;sermon;2026-07-04T09:42:49;curse and;2026-07-04T08:19:01
7;brightly;21441;2026-07-03T18:05:25;2026-07-04T03:09:57;configuration;nerve doubtfully focalise;2026-07-04T10:56:08;where;2026-07-03T19:20:41
8;elegant shoot clinking;19499;2026-07-04T02:43:33;2026-07-04T06:22:47;above rim;although;2026-07-03T23:53:18;tomb;2026-07-03T19:12:55
9;consequently retention;14933;2026-07-03T19:50:46;2026-07-03T16:42:37;sleet;pigpen;2026-07-04T05:00:04;circular;2026-07-04T00:48:00
10;questioningly nor that;29273;2026-07-03T18:30:17;2026-07-03T15:59:40;pick border absent;but so;2026-07-03T20:57:34;offend grade;2026-07-04T02:03:20
11;meaningfully;11441;2026-07-04T03:54:25;2026-07-03T18:41:53;version than propound;boo mushy;2026-07-03T17:44:40;flint;2026-07-04T10:47:37
12;clonk frilly;21899;2026-07-04T11:49:36;2026-07-03T21:59:52;bog;incidentally;2026-07-03T20:23:27;edible;2026-07-03T23:03:34
13;certify;22439;2026-07-03T22:39:48;2026-07-04T00:37:19;outgoing barring;despite gah marathon;2026-07-03T19:52:08;poorly righteously;2026-07-04T11:16:30
14;yet so space;14730;2026-07-04T14:35:15;2026-07-03T20:43:10;swordfish;bravely;2026-07-04T04:18:15;pilot yet coaxingly;2026-07-04T10:18:01
15;that alienated thoroughly;29092;2026-07-03T22:15:57;2026-07-03T15:54:00;whirlwind oh;thankfully;2026-07-04T11:15:22;trench;2026-07-04T10:52:15
16;westernize;11084;2026-07-04T07:02:16;2026-07-04T07:25:06;squid;unabashedly apropos neatly;2026-07-03T17:27:23;of jubilantly;2026-07-04T15:25:22
17;on as;19547;2026-07-04T07:03:08;2026-07-04T12:53:25;mechanically;youthfully bonfire if;2026-07-04T12:29:39;circular;2026-07-04T10:29:22
18;so quart except;24000;2026-07-04T10:05:31;2026-07-04T12:23:45;furthermore;pish shakily strait;2026-07-03T19:13:53;jagged afford;2026-07-03T20:11:02
19;telescope whose;23558;2026-07-04T01:51:35;2026-07-04T05:27:21;incidentally;broadly preheat unexpectedly;2026-07-04T10:15:02;blah above;2026-07-03T18:27:54
20;in accurate zowie;28627;2026-07-03T19:56:57;2026-07-03T21:12:41;jumbo;hmph afterwards;2026-07-04T06:59:25;jealously thoroughly;2026-07-04T12:37:02
21;excepting drat carpool;29961;2026-07-03T20:27:10;2026-07-04T01:22:21;boulevard;defiantly voluntarily finally;2026-07-04T01:34:33;unbearably boldly;2026-07-04T09:13:34
22;memorable up ha;62;2026-07-03T17:20:30;2026-07-04T01:05:53;fat as ugh;merrily before forage;2026-07-04T02:56:44;forenenst;2026-07-03T20:56:41
23;doing boo;6879;2026-07-03T16:07:30;2026-07-04T13:29:25;ruin;though;2026-07-04T01:25:02;while stump fluffy;2026-07-04T08:16:59
24;furlough wrongly hmph;15362;2026-07-04T00:17:21;2026-07-04T03:19:18;but;brightly quaintly lined;2026-07-04T00:15:29;oddly;2026-07-03T18:08:59
25;huzzah;16063;2026-07-03T20:29:19;2026-07-04T00:48:03;that hearten;judgementally monthly sense;2026-07-04T09:39:35;antagonize loyally;2026-07-04T07:33:21
26;long-term irritably deceivingly;9487;2026-07-04T11:12:04;2026-07-04T08:39:06;only whether;yuck;2026-07-04T11:56:48;sunbeam;2026-07-04T08:23:40
27;gosh;30613;2026-07-04T09:26:59;2026-07-04T01:34:41;habit;hopelessly or distinct;2026-07-04T03:09:18;aw;2026-07-03T23:02:23
28;drat hope;29266;2026-07-03T23:51:32;2026-07-04T03:38:48;wiggly finally;gadzooks drat alongside;2026-07-04T03:28:24;as to round;2026-07-04T12:12:27
29;save irritably furlough;26348;2026-07-04T06:27:41;2026-07-04T05:13:13;phew;accredit sedately premise;2026-07-04T04:15:26;extricate after;2026-07-04T06:59:39
30;righteously swift;7792;2026-07-04T01:36:26;2026-07-03T19:44:07;deep parade;reiterate;2026-07-03T20:58:00;gee aha;2026-07-03T17:01:21
