id;active;created_by;created_date;last_modified_by;last_modified_date
1;true;hm;2026-08-30T20:32:54;cake;2026-08-30T09:09:34
2;true;though mmm;2026-08-30T15:06:58;instead;2026-08-30T09:22:44
3;false;westernise yum humidity;2026-08-30T07:15:19;typify;2026-08-30T08:21:09
4;true;beautifully;2026-08-31T01:38:58;alongside phew;2026-08-30T12:06:23
5;true;slake until;2026-08-30T02:49:30;fooey;2026-08-31T00:26:07
6;false;lazily;2026-08-30T09:09:09;daily made-up;2026-08-30T21:58:07
7;false;floodlight round;2026-08-30T10:54:10;how;2026-08-30T13:22:08
8;true;warmhearted modulo arrogantly;2026-08-30T15:41:39;singing uselessly;2026-08-30T15:52:59
9;false;when;2026-08-30T03:38:16;inasmuch;2026-08-30T17:04:00
10;false;ew knavishly if;2026-08-30T18:10:57;sympathetically like if;2026-08-30T05:20:23
11;true;flu;2026-08-30T07:14:56;moisten gah conservative;2026-08-30T19:14:20
12;true;overstay that;2026-08-30T13:22:11;friendly gosh gosh;2026-08-30T06:06:47
13;true;gerbil judgementally;2026-08-30T06:06:00;whoa;2026-08-30T21:07:27
14;false;oof greatly;2026-08-30T16:28:50;hence squid meanwhile;2026-08-30T22:30:19
15;false;yahoo;2026-08-30T14:05:19;finally mantua austere;2026-08-30T21:04:00
16;false;yawningly experienced metallic;2026-08-30T15:00:17;flu joshingly;2026-08-30T09:23:52
17;false;knowingly;2026-08-30T19:33:43;director boo roadway;2026-08-31T00:21:21
18;true;hard-to-find fork;2026-08-30T13:08:57;tenderly where;2026-08-30T21:57:10
19;true;border glow;2026-08-30T17:00:31;usefully;2026-08-30T04:42:55
20;true;round abnormally private;2026-08-30T17:01:11;geez reschedule;2026-08-30T12:28:12
21;false;urgently after gently;2026-08-31T00:01:11;slink;2026-08-30T12:15:04
22;false;sudden tentacle;2026-08-30T15:43:06;version without;2026-08-30T19:32:44
23;false;er zowie fly;2026-08-30T12:48:38;huddle;2026-08-30T14:38:05
24;true;outside worth ack;2026-08-30T21:35:51;nor or mealy;2026-08-30T03:14:23
25;false;safeguard jaggedly informal;2026-08-30T20:44:06;across self-assured;2026-08-30T08:00:19
26;false;that;2026-08-30T10:41:50;but;2026-08-30T12:10:17
27;false;interchange sympathetically general;2026-08-30T05:29:53;brr;2026-08-30T11:12:55
28;false;incidentally;2026-08-30T18:01:22;superficial overproduce;2026-08-30T02:09:24
29;false;anenst;2026-08-30T02:02:22;where gosh;2026-08-30T03:44:14
30;true;supposing brief;2026-08-30T02:59:37;toward confound;2026-08-30T09:42:01
