id;due_date;amount_paid;status;created_by;created_date;last_modified_by;last_modified_date
1;2026-08-30;3163.68;familiariz;sesame;2026-08-30;for;2026-08-30
2;2026-08-30;19729.3;hmph who q;ignorance aha amidst;2026-08-30;incidentally acclaimed biodegrade;2026-08-30
3;2026-08-31;22334.57;faraway le;sequester;2026-08-30;foolishly playfully suitcase;2026-08-30
4;2026-08-30;25022.87;eek;clean veg;2026-08-30;forenenst certify;2026-08-30
5;2026-08-31;2214.62;lest;fail ouch realistic;2026-08-30;barring;2026-08-30
6;2026-08-31;24912.15;suffocate ;unless;2026-08-30;retool inhibit;2026-08-30
7;2026-08-30;10586.87;yearly una;yuck worthless;2026-08-30;vastly oh geez;2026-08-30
8;2026-08-30;11072.39;vaguely la;scare fall yum;2026-08-30;responsible curly drat;2026-08-30
9;2026-08-30;4026.71;sushi curi;er delirious;2026-08-30;muddy axe ouch;2026-08-30
10;2026-08-30;9619.48;colon seem;pile;2026-08-30;into;2026-08-30
11;2026-08-31;25487.53;before;partial;2026-08-30;deliberately;2026-08-30
12;2026-08-30;26432.56;dismal pas;federate justly;2026-08-30;deeply coolly;2026-08-30
13;2026-08-30;5748.81;solicit pe;where;2026-08-30;pfft hmph widow;2026-08-30
14;2026-08-30;17661.04;deplore ti;through cardboard possession;2026-08-30;while aw amongst;2026-08-30
15;2026-08-30;12314.56;hmph queas;unfinished;2026-08-30;waterlogged;2026-08-30
16;2026-08-31;27241.16;provider a;excluding yum;2026-08-30;unfortunately outside knottily;2026-08-30
17;2026-08-30;6206.58;duh;huzzah;2026-08-30;decide founder abaft;2026-08-30
18;2026-08-30;24368.98;quietly;whereas;2026-08-31;edge perfectly blissfully;2026-08-30
19;2026-08-30;9134.04;fork minus;off elegant phooey;2026-08-30;anti with;2026-08-30
20;2026-08-30;30583.63;at;zowie coil;2026-08-30;instead onto diligently;2026-08-30
21;2026-08-30;1495.38;rot exempt;tackle;2026-08-30;satirize;2026-08-31
22;2026-08-30;21156.12;apropos se;other sans middle;2026-08-30;taro censor finally;2026-08-31
23;2026-08-31;20178.05;pro boldly;among whose;2026-08-30;backbone black;2026-08-30
24;2026-08-30;6099.48;ah inciden;next accept utterly;2026-08-30;wearily minus across;2026-08-30
25;2026-08-30;4414.12;than gah a;aw;2026-08-30;acquire because;2026-08-30
26;2026-08-30;5316.53;fax;wearily respectful gah;2026-08-30;great octave;2026-08-30
27;2026-08-30;8808.21;bandwidth ;especially certainly duh;2026-08-30;knotty yet given;2026-08-30
28;2026-08-30;2831.86;wealthy st;minty;2026-08-31;as;2026-08-30
29;2026-08-30;26200.28;consequent;pace;2026-08-30;whenever per schematise;2026-08-30
30;2026-08-30;276.87;minor mism;ham regularly;2026-08-30;bracelet;2026-08-30
