id;file_name;file_name_on_server;document;document_content_type
1;where um;vanquish;../fake-data/blob/hipster.png;image/png
2;wiry;far although lest;../fake-data/blob/hipster.png;image/png
3;robust;until including estimate;../fake-data/blob/hipster.png;image/png
4;eyeliner amongst reference;reconsideration bah psst;../fake-data/blob/hipster.png;image/png
5;now afraid daily;rightfully er;../fake-data/blob/hipster.png;image/png
6;solidly;meh actually;../fake-data/blob/hipster.png;image/png
7;mystery;coddle officially unaccountably;../fake-data/blob/hipster.png;image/png
8;campanile furthermore warmly;usefully which;../fake-data/blob/hipster.png;image/png
9;ironclad landmine automatic;ischemia;../fake-data/blob/hipster.png;image/png
10;anenst;nor;../fake-data/blob/hipster.png;image/png
